iter	RMSE
0	14.06313784
1	13.2110419
2	12.41217695
3	11.72727557
4	11.06657306
5	10.55354033
6	10.02288523
7	9.627613182
8	9.223070317
9	8.794280609
